{
  "hosting": {
    "public": "public",
    "ignore": [
      "firebase.json",
      "**/.*",
      "**/node_modules/**"
    ],
    "cleanUrls": true,
    "headers": [
      {
        "source": "**/*.@(jpg|jpeg|gif|png|svg|webp|ico)",
        "headers": [
          {
            "key": "Cache-Control",
            "value": "max-age=7200"
          }
        ]
      },
      {
        "source": "**/*.@(js|css)",
        "headers": [
          {
            "key": "Cache-Control",
            "value": "max-age=3600"
          }
        ]
      }
    ]
  },
  "firestore": {
    "rules": "config/firestore.rules",
    "indexes": "config/firestore.indexes.json"
  },
  "storage": {
    "rules": "config/storage.rules"
  }
}
